50c02c51753f26a4f64d68a92442ef3dc7bd2cce158294ec70d47a85d02b0199	docs/clinical-workbench/approvals/owner-delegated-bread-and-butter-2026-09-17.md
a35c8d119a6d55c1bdbc9ae9c6f61cfae916ba3e5b1a17fb8cc0050e3f52a92d	docs/clinical-workbench/approvals/owner-delegated-early-levels-2026-09-13.md
ab9879889311b8cf7f4c1e2ee220840553e29dbf81d8f35290f27170de38b196	docs/clinical-workbench/approvals/owner-delegated-surgery-center-batch-2026-09-10.md
9184b670d435a8726a7228c12379f776f401b1edbde01ccc666578654a45e251	packages/balance-config/src/prototype-balance.test.ts
5f3ee63cd3885cd65fce428304745230b5819182e418761db154432fb4fa568f	packages/balance-config/src/prototype-balance.ts
b8939e7586ae5403976a5e1ad90caaf6a664c8a269b9a5ff5aac6a8631376e77	packages/balance-config/src/service-income-catalog.ts
856efd75322d671c2fce01c8c5cef0e86f3ced45adf0b44e48f991b8ca5115a5	packages/clinical-content/src/development-batch/2026-09-10/pigmented-skin-lesion.ts
b41cfa760e2f850de3896af05245adc5b9c5d2ca3429f485d30bafcd2bbda5e7	packages/clinical-content/src/development-batch/2026-09-10/surgery-center-admission.test.ts
e1f31f6e13d6ea3f45045ff7c350975bcbd8b84f84712709c3b7b8acbc3b3493	packages/clinical-content/src/development-batch/2026-09-13/cutaneous-scc.ts
6f44bfbf106baa5882d45f4f5440f0c618049b02e5acdb264a4f44772450cb51	packages/clinical-content/src/development-batch/2026-09-13/early-levels-admission.test.ts
ea08d9ba4597c5732d6a0c7a549ac24b1907c88b94d27786db217580048378e2	packages/clinical-content/src/development-batch/2026-09-17-bread-and-butter/cutaneous-abscess.ts
5bfafd1f2fe050e73cdc291931ca4eabe75dfe7f4585ded746bdf60f5f254cbd	packages/clinical-content/src/development-batch/2026-09-17-bread-and-butter/postoperative-wounds.ts
d905079cf7e4d3a65dc3adfa015df1a87272799fcb8f8e92b59b85a0aa5b1c7c	packages/game-domain/src/index.ts
3875b2ffde58c6a5b3a8fd89eadc5bc56b04c848ed2a9d6947f7aef5e7e10e22	packages/game-domain/src/persistence.ts
2d5068339eb6babf4959744a860f520a8c3a3556ab170e86ba0182e2e852a8b2	packages/game-domain/src/reducer.ts
2fb04a24a2d034174fadb0778704c7aa34e479cbf5de234504ffe6ff729bf8f3	packages/game-domain/src/selectors.ts
3bd8e726242f06f7c3bb0caad26579708d783a00af7688d44bfbb16941f0ab7a	packages/game-domain/src/types.ts
