16a8ff8b047ea576abe1fecdda7af8775a8b06f7b74414b8859647a1114f1545	packages/game-domain/src/types.ts
19e6e82f3a2f648e6b9fc7e3ef7e7217f9dd0f71d4b3d59da7272a8519c675c2	packages/clinical-content/src/development-batch/2026-09-17-bread-and-butter/cutaneous-abscess.ts
516b13fdfef782ca24f9dfe2ec7f326ba6defffa3625d83b50c65b3bc3abc351	packages/game-domain/src/persistence.ts
5845fefb1124b8cddafbde0ef9c7424ce5c6fae9e4e8872a5828b91392e76a60	packages/game-domain/src/service-operations.ts
60f451d69414de09209b3c395c371af671e2877dd4ae49606c9b88028661f483	packages/clinical-content/src/development-batch/2026-09-10/pigmented-skin-lesion.ts
6466e87b0cd1f1ce973f78bbd033f3a611e98c0813116d62555042ad70d97fac	packages/game-domain/tests/service-operations.test.ts
82550888ac3bd670b79b2561379fc890fc9d2a94caa498d1de82ac3fa96c1493	packages/game-domain/src/index.ts
86f2f34776bbf8134d5bc77a3ac9ab792b68cc5d7515e397e0962122e7d187c0	docs/clinical-workbench/approvals/owner-delegated-early-levels-2026-09-13.md
9593272361d9f50cffbb2fda9c45349326fac7428f12053de24ab41b4c9bd5c1	packages/clinical-content/src/development-batch/2026-09-13/cutaneous-scc.ts
a506d8d9021eb4bb9d2a0c108d8676677d6701a01ee9eb7225ffeca4b961467d	docs/clinical-workbench/approvals/owner-delegated-surgery-center-batch-2026-09-10.md
a730e9443428818dfa2d866ec2df0b24ad87498bfa0d54ccf914bb6164ccb6c1	packages/clinical-content/src/development-batch/2026-09-10/surgery-center-admission.test.ts
a757b49f3ebcb8110cf00790c4d0be3d8e796e26bde9017e187ead7d27258945	packages/game-domain/src/reducer.ts
af232c64e7dadc6fa7889ed21af1cb2f9eea16978fde9e0ef89b113541733b48	docs/clinical-workbench/approvals/owner-delegated-bread-and-butter-2026-09-17.md
af908cab5e294d8a074691fde50375e8e3cbda9a496b5631f381484d4c210110	packages/balance-config/src/prototype-balance.ts
b03d9c094d68fbdad793b46ca91ebd0408b9654d3a4fe2a42eb4adce990c9c99	packages/clinical-content/src/development-batch/2026-09-17-bread-and-butter/postoperative-wounds.ts
b0ffe417c3aa3cea06f6a5defd83a44689b009bec993c38e00d93c8610056fe9	packages/clinical-content/src/development-batch/2026-09-13/early-levels-admission.test.ts
b3a43c2e3b7a564dabb7bf9309b0bc41cf2cbe337e0591f3f041dd7a367dbfd4	packages/game-domain/tests/service-procedure-operations.test.ts
c3f319422d7ecfe67bdf2cd3c31969533a268cbde6f48185bcdb06daf704ea0e	packages/balance-config/src/prototype-balance.test.ts
d82cbe900a76e483cbddf50eb47662fc3b6da73cf4701c0784db783e64a0a5b3	packages/balance-config/src/service-income-catalog.ts
e812750bfe6e544dac75888aa752707b7d2302dccf9ad22860a9cb63415c9e3f	packages/game-domain/src/selectors.ts
