balance-config/src/index.ts	0B115F6AFEF73A53E5F543E5E11433E08612B9CB0AA98F47A156BD177FF1F696
balance-config/src/prototype-balance.test.ts	6982EE6C32647F8E7DC7DD72589221E8411EF43FA730E554580310E1177000E8
balance-config/src/prototype-balance.ts	CFB6105AE4364CD74A7DF13F884D4996F952619F30AAE7893A2D9D5F4E33D361
game-domain/src/persistence.ts	58B7482F1857BFEF89B437BD616E6C9AF6D9CFC20E4FD46A9A262DF9A0D89450
game-domain/src/reducer.ts	8A439D38F16EEAF907F28BF05F65A25D6F0CC454A98EF6828EB61496341930F4
game-domain/src/selectors.ts	C1FE1A082FAFC85B5EE584D4FFD296B975910E803C22467995CAF1BEBC55C7B6
game-domain/src/types.ts	D381C2A486B5167BC3A3851CEEED8B29818680389C6C1C27E4ECE818C522D5AA
game-domain/tests/emergency-glp1.test.ts	51F5808926E3C5E00583E4264DF39672F59BEBCAA7D3F4BDA536E1888D33D749
game-domain/tests/level-two-persistence.test.ts	C754A6E0D8895F1C4AF45A9DB0B5536CD9ADDC9A57AEDFD9C154076E03E08869
game-domain/tests/level-two-support-operations.test.ts	83A3D256CE60D7B267B6800F927F5F851CFC211A6DB1C76CD1A87B13842700F2
game-domain/tests/ultrasound-first-imaging.test.ts	2E51669F1EEBE28B086FF787927041DE8FEF88DAF3EA785DC0BFB4F90358B712
